<?xml version="1.0" encoding="UTF-8"?>
<!--This is a Reload version 2.0.2 SCORM 1.2 Content Package document-->
<!--Spawned from the Reload Content Package Generator - http://www.reload.ac.uk-->
<manifest
    xmlns="http://www.imsproject.org/xsd/imscp_rootv1p1p2"
    xmlns:imsmd="http://www.imsglobal.org/xsd/imsmd_rootv1p2p1"
    xmlns:xsi="http://www.w3.org/2001/XMLSchema-instance"
    xmlns:adlcp="http://www.adlnet.org/xsd/adlcp_rootv1p2"
    identifier="MANIFEST-SAMPLE-COURSE"
    xsi:schemaLocation="http://www.imsproject.org/xsd/imscp_rootv1p1p2 imscp_rootv1p1p2.xsd http://www.imsglobal.org/xsd/imsmd_rootv1p2p1 imsmd_rootv1p2p1.xsd http://www.adlnet.org/xsd/adlcp_rootv1p2 adlcp_rootv1p2.xsd">
    <organizations default="ORG-SAMPLE-COURSE">
        <organization identifier="ORG-SAMPLE-COURSE" structure="hierarchical">
            <title>Sample Course</title>
            <item identifier="VOLUME1" isvisible="true" identifierref="RES-SAMPLE-COURSE-VOLUME1">
                <title>Volume 1</title>
            </item>
            <item identifier="VOLUME2" isvisible="true" identifierref="RES-SAMPLE-COURSE-VOLUME2">
                <title>Volume 2</title>
            </item>
            <metadata/>
        </organization>
    </organizations>
    <resources>
        <resource identifier="RES-SAMPLE-COURSE-VOLUME1" type="webcontent" adlcp:scormtype="sco" href="Volume_1/volume_1.htm">
            <file href="Volume_1/volume_1.htm"/>
            <file href="Volume_1/volume_1_xml_1.xml"/>
            <file href="Volume_1/volume_1_xml_1.xml"/>
            <file href="Volume_1/volume_1_xml_1.xml"/>
            <file href="Volume_1/volume_1_swf_1.swf"/>
            <file href="Volume_1/volume_1_swf_2.swf"/>
            <file href="Volume_1/volume_1_swf_3.swf"/>
        </resource>
        <resource identifier="RES-SAMPLE-COURSE-VOLUME2" type="webcontent" adlcp:scormtype="sco" href="Volume_2/volume_2.htm">
            <file href="Volume_2/volume_2.htm"/>
            <file href="Volume_2/volume_2_xml_1.xml"/>
            <file href="Volume_2/volume_2_xml_1.xml"/>
            <file href="Volume_2/volume_2_xml_1.xml"/>
            <file href="Volume_2/volume_2_swf_1.swf"/>
            <file href="Volume_2/volume_2_swf_2.swf"/>
            <file href="Volume_2/volume_2_swf_3.swf"/>
        </resource>
    </resources>
</manifest>
