<?xml version="1.0" encoding="UTF-8"?>
<!--This is a Reload version 2.5.5 SCORM 1.2 Content Package document-->
<!--Spawned from the Reload Content Package Generator - http://www.reload.ac.uk-->
<manifest xmlns="http://www.imsproject.org/xsd/imscp_rootv1p1p2" xmlns:imsmd="http://www.imsglobal.org/xsd/imsmd_rootv1p2p1" xmlns:xsi="http://www.w3.org/2001/XMLSchema-instance" xmlns:adlcp="http://www.adlnet.org/xsd/adlcp_rootv1p2" identifier="123_Sample_Course" xsi:schemaLocation="http://www.imsproject.org/xsd/imscp_rootv1p1p2 imscp_rootv1p1p2.xsd http://www.imsglobal.org/xsd/imsmd_rootv1p2p1 imsmd_rootv1p2p1.xsd http://www.adlnet.org/xsd/adlcp_rootv1p2 adlcp_rootv1p2.xsd">
  <organizations default="ORG-123">
    <organization identifier="ORG-123" structure="hierarchical">
      <title>123 Sample Course</title>
      <item identifier="SCO00" identifierref="SCO00_IDREF" isvisible="true">
        <title>Preface</title>
      </item>
      <item identifier="SCO01" identifierref="SCO01_IDREF" isvisible="true">
        <title>Item 1</title>
      </item>
      <item identifier="SCO02" identifierref="SCO02_IDREF" isvisible="true">
        <title>Item 2</title>
      </item>
      <item identifier="SCO03" identifierref="SCO02_IDREF" isvisible="true">
        <title>Item 3</title>
      </item>
    </organization>
  </organizations>
  <resources>
    <resource identifier="SCO00_IDREF" type="webcontent" href="Preface/preface.html" adlcp:scormtype="sco">
      <file href="Preface/preface.html" />
    </resource>
    <resource identifier="SCO01_IDREF" type="webcontent" href="Item1/item1.html" adlcp:scormtype="sco">
      <file href="Item1/item1.html" />
      <file href="Item1/item1.pdf" />
    </resource>
    <resource identifier="SCO02_IDREF" type="webcontent" href="Item2/item2.html" adlcp:scormtype="sco">
      <file href="Item2/item2.html" />
      <file href="Item2/item2.pdf" />
    </resource>
    <resource identifier="SCO03_IDREF" type="webcontent" href="Item3/item3.html" adlcp:scormtype="sco">
      <file href="Item3/item3.html" />
      <file href="Item3/item3.pdf" />
    </resource>
  </resources>
</manifest>
