<?xml version="1.0" encoding="UTF-8"?>
<!--This is a Reload version 2.5.5 SCORM 1.2 Content Package document-->
<!--Spawned from the Reload Content Package Generator - http://www.reload.ac.uk-->
<manifest xmlns="http://www.imsproject.org/xsd/imscp_rootv1p1p2" xmlns:imsmd="http://www.imsglobal.org/xsd/imsmd_rootv1p2p1" xmlns:xsi="http://www.w3.org/2001/XMLSchema-instance" xmlns:adlcp="http://www.adlnet.org/xsd/adlcp_rootv1p2" identifier="Sample_Course" xsi:schemaLocation="http://www.imsproject.org/xsd/imscp_rootv1p1p2 imscp_rootv1p1p2.xsd http://www.imsglobal.org/xsd/imsmd_rootv1p2p1 imsmd_rootv1p2p1.xsd http://www.adlnet.org/xsd/adlcp_rootv1p2 adlcp_rootv1p2.xsd">
  <organizations default="ORG-SAMPLE">
    <organization identifier="ORG-SAMPLE" structure="hierarchical">
      <title>Sample Course</title>
      <item identifier="ID00" identifierref="ID00_IDREF" isvisible="true">
        <title>Orientation</title>
      </item>
      <item identifier="ID01" identifierref="ID01_IDREF" isvisible="true">
        <title>Volume 1</title>
        <adlcp:prerequisites type="aicc_script">ID00</adlcp:prerequisites>
      </item>
      <item identifier="ID02" identifierref="ID02_IDREF" isvisible="true">
        <title>Volume 2</title>
        <adlcp:prerequisites type="aicc_script">SCO00</adlcp:prerequisites>
      </item>
    </organization>
  </organizations>
  <resources>
    <resource identifier="ID00_IDREF" type="webcontent" href="Orientation/orientation.html" adlcp:scormtype="sco">
      <file href="Orientation/orientation.html" />
    </resource>
    <resource identifier="ID01_IDREF" type="webcontent" href="Volume1/volume1.html" adlcp:scormtype="sco">
      <file href="Volume1/volume1.html" />
      <file href="Volume1/images/image1.jpg" />
      <file href="Volume1/images/image2.jpg" />
    </resource>
    <resource identifier="ID02_IDREF" type="webcontent" href="Volume2/volume2.html" adlcp:scormtype="sco">
      <file href="Volume2/wrong_name.html" />
      <file href="Volume2/volume2.pdf" />
      <file href="Volume2/images/image1.jpg" />
      <file href="Volume2/images/image2.jpg" />
    </resource>
  </resources>
</manifest>
